avg_r2,std_r2,avg_rmse,std_rmse
-17.000066536557128,74.3620163342649,2820.291974138806,715.2529381231333
